id,probability_maraud,successful_mating,next_foraging_time,mar_attempts,mate_attempts,x_pos,y_pos,foraging_events,foraging_hrs,foraging_sqhrs,staying_events,staying_hrs,staying_sqhrs,repairing_events,repairing_hrs,repairing_sqhrs,marauding_events,marauding_hrs,marauding_sqhrs,traveling_events,traveling_hrs,traveling_sqhrs
0,0.054,8,360.77564002376386,"[['2' '4.191766404170202' 'present']
 ['9' '5.3030990387368035' 'present']
 ['4' '8.35441595420739' 'present']
 ['2' '8.713841373326288' 'present']
 ['9' '12.977181092601851' 'marauded']
 ['2' '16.1122377604051' 'presentdestroyed']
 ['4' '34.35894856061327' 'marauded']
 ['9' '42.75445899097591' 'marauded']
 ['10' '43.47125475564197' 'destroyed']
 ['2' '44.92301260582295' 'presentdestroyed']
 ['4' '52.720795860479114' 'present']
 ['2' '57.824986362511375' 'present']
 ['2' '62.17627113128702' 'present']
 ['9' '63.770903177100806' 'present']
 ['4' '68.24317464586927' 'marauded']
 ['4' '69.26226004844048' 'presentdestroyed']
 ['4' '71.92832457125644' 'presentdestroyed']
 ['3' '80.65299303442696' 'present']
 ['2' '84.78275495735377' 'marauded']
 ['4' '89.58569456157502' 'presentdestroyed']
 ['4' '109.55492217479328' 'marauded']
 ['9' '110.28206120428686' 'presentdestroyed']
 ['4' '118.62023257602321' 'present']
 ['4' '129.3722020273696' 'present']
 ['4' '129.40493845242452' 'present']
 ['2' '129.47985829172498' 'present']
 ['9' '131.87356648596216' 'present']
 ['9' '132.62357047414105' 'present']
 ['10' '140.3084481878374' 'present']
 ['4' '143.7657121024996' 'present']
 ['9' '146.7497892713451' 'present']
 ['2' '161.77176079675772' 'present']
 ['10' '162.1371844683748' 'present']
 ['10' '188.04434417372275' 'marauded']
 ['9' '200.95915984419898' 'present']
 ['4' '202.60385033490715' 'present']
 ['4' '205.46565990788446' 'present']
 ['10' '213.67548529362043' 'present']
 ['4' '223.7691323837963' 'present']
 ['9' '225.46275030736732' 'present']
 ['4' '228.1556437900312' 'marauded']
 ['4' '247.9856157913911' 'present']
 ['4' '254.65724498582742' 'present']
 ['9' '261.56244366572395' 'marauded']
 ['4' '261.74072795298173' 'destroyed']
 ['10' '262.05320126767384' 'presentdestroyed']
 ['4' '265.4911479029989' 'presentdestroyed']
 ['4' '265.71479618221827' 'presentdestroyed']
 ['9' '274.8290860835858' 'present']
 ['4' '275.0990042126072' 'marauded']
 ['9' '284.51516536884884' 'marauded']
 ['4' '290.6498243034659' 'destroyed']
 ['2' '292.02757756738595' 'presentdestroyed']
 ['2' '300.7145807736245' 'present']
 ['2' '302.7888732589625' 'present']
 ['2' '314.5371950303047' 'marauded']
 ['4' '314.64587984350663' 'presentdestroyed']
 ['4' '322.4998358139498' 'present']
 ['4' '323.20895661433605' 'marauded']
 ['4' '329.15747396618895' 'presentdestroyed']
 ['9' '334.6103646311338' 'present']
 ['2' '342.42147307518735' 'present']
 ['4' '353.2747574466887' 'present']
 ['2' '359.0669789075025' 'marauded']
 ['4' '359.9063977548903' 'destroyed']]","[['F29' '56.46969408542344' 'mated']
 ['F37' '86.42793815345269' 'destroyed']
 ['F59' '122.64854475739068' 'mated']
 ['F82' '131.2564179981698' 'mated']
 ['F66' '150.38940634261195' 'mated']
 ['F97' '161.06427933363457' 'mated']
 ['F19' '183.50229894860541' 'absent']
 ['F19' '183.52544709675357' 'absent']
 ['F19' '183.54859524490172' 'absent']
 ['F61' '186.98836540162128' 'mated']
 ['F49' '226.5498033984589' 'absent']
 ['F40' '250.20355240403552' 'mated']
 ['F31' '304.91429523356214' 'mated']
 ['F30' '323.28112607907167' 'destroyed']]",0.0,0.0,575.0,72.7443212929853,15.609879674950978,1208.0,204.3013630958724,43.430192745783124,488.0,79.84820228234874,16.472121799564853,14.0,1.4000000000000001,0.14000000000000007,66.0,1.721565529898408,0.04822530864197528
1,0.054,10,359.7320091072384,"[['10' '0.28562295262488957' 'present']
 ['10' '2.124240941224482' 'present']
 ['10' '16.608808853859937' 'marauded']
 ['10' '18.15198334380141' 'presentdestroyed']
 ['10' '19.552197072205807' 'presentdestroyed']
 ['10' '23.04249777242789' 'presentdestroyed']
 ['4' '23.051436950535983' 'presentdestroyed']
 ['10' '25.212021769784066' 'marauded']
 ['4' '26.791213654628535' 'destroyed']
 ['4' '31.08729003231176' 'presentdestroyed']
 ['4' '49.43782555393916' 'marauded']
 ['2' '49.5094084906721' 'destroyed']
 ['4' '49.6530073622842' 'presentdestroyed']
 ['4' '51.45053262154993' 'destroyed']
 ['10' '53.96392421190656' 'presentdestroyed']
 ['2' '56.49282777389186' 'destroyed']
 ['10' '56.70741923452903' 'presentdestroyed']
 ['2' '74.33259394407811' 'marauded']
 ['4' '77.73258298981645' 'presentdestroyed']
 ['2' '80.75965663506506' 'presentdestroyed']
 ['4' '82.99920619948752' 'present']
 ['10' '84.9867158812097' 'marauded']
 ['4' '87.14275604361896' 'presentdestroyed']
 ['4' '91.18445697981687' 'destroyed']
 ['3' '92.67304814630515' 'present']
 ['10' '100.45615369517185' 'present']
 ['4' '101.60810531897' 'present']
 ['4' '102.55538686529523' 'present']
 ['4' '102.96231396150999' 'present']
 ['10' '112.87937081473362' 'marauded']
 ['10' '113.76151868348106' 'presentdestroyed']
 ['10' '121.3950964985627' 'present']
 ['4' '122.0087737812099' 'present']
 ['4' '126.26320716636934' 'present']
 ['10' '135.0699099152182' 'present']
 ['4' '144.82653460426457' 'present']
 ['10' '145.76505974012798' 'present']
 ['10' '146.5218487256563' 'present']
 ['5' '158.27945580712537' 'present']
 ['10' '160.78585152423793' 'marauded']
 ['10' '161.91055750031444' 'destroyed']
 ['4' '168.59647177586038' 'marauded']
 ['10' '169.17248918490563' 'destroyed']
 ['10' '183.20850881790298' 'present']
 ['2' '189.1561114659448' 'marauded']
 ['4' '215.5175318403203' 'present']
 ['10' '216.64057217857507' 'present']
 ['4' '229.6361828115896' 'present']
 ['2' '236.03188538162095' 'present']
 ['10' '238.04244755147982' 'present']
 ['4' '266.2714431186042' 'present']
 ['10' '279.83056981563' 'present']
 ['10' '303.9666144191823' 'present']
 ['10' '308.36711950231467' 'marauded']
 ['10' '308.5372266758174' 'presentdestroyed']
 ['4' '309.7516543158611' 'presentdestroyed']
 ['4' '313.4808356521395' 'destroyed']
 ['4' '315.95671271815706' 'present']
 ['10' '331.0542764311488' 'present']
 ['10' '347.2938263082756' 'present']
 ['10' '352.20231438757565' 'marauded']]","[['F13' '80.3845973551883' 'destroyed']
 ['F25' '109.82171713506615' 'mated']
 ['F93' '116.94816312326108' 'absentdestroyed']
 ['F93' '116.97131127140923' 'absentdestroyed']
 ['F56' '140.3904289040871' 'absent']
 ['F4' '156.50617277302294' 'mated']
 ['F96' '161.83101634453337' 'destroyed']
 ['F27' '167.29368907317127' 'destroyed']
 ['F84' '169.01066612644527' 'destroyed']
 ['F46' '180.20190764002294' 'mated']
 ['F47' '181.71255548990615' 'mated']
 ['F5' '197.20120324454442' 'mated']
 ['F2' '200.84035405246033' 'mated']
 ['F102' '211.10734252357722' 'mated']
 ['F21' '218.74528736405057' 'mated']
 ['F11' '233.12635558837312' 'mated']
 ['F70' '259.9606082396178' 'absent']
 ['F76' '329.85592054495385' 'mated']]",0.0,500.0,564.0,73.23916257676112,15.230196565218723,1272.0,216.61967279736396,46.51228545111639,402.0,67.3715336864322,13.725629969847038,7.0,0.7,0.07,72.0,2.082629875880969,0.0632287379972565
2,0.054,10,360.4918957025962,"[['9' '56.34652950158685' 'present']
 ['5' '73.71648319127429' 'present']
 ['9' '92.30224307378998' 'present']
 ['0' '94.53192827705315' 'present']
 ['9' '100.03841816126106' 'present']
 ['9' '115.0022386331093' 'present']
 ['0' '118.19917744663418' 'present']
 ['9' '121.90985995608568' 'present']
 ['9' '124.42869074386162' 'present']
 ['9' '131.0512695266136' 'present']
 ['0' '140.10763420524344' 'marauded']
 ['5' '144.30872408691133' 'presentdestroyed']
 ['9' '158.04359540109354' 'present']
 ['0' '160.78888745975271' 'present']
 ['0' '163.05435327561224' 'present']
 ['9' '167.53359233639839' 'present']
 ['0' '178.75619584943976' 'marauded']
 ['5' '188.45457682200154' 'present']
 ['5' '192.82004331206377' 'present']
 ['1' '200.1091384804827' 'present']
 ['0' '204.91461101295127' 'marauded']
 ['0' '205.62634440955972' 'presentdestroyed']
 ['0' '205.96739361621474' 'destroyed']
 ['9' '206.295540785681' 'presentdestroyed']
 ['0' '215.09651048903805' 'present']
 ['1' '232.5356227111652' 'present']
 ['0' '240.81430956854638' 'marauded']
 ['9' '242.03277058987433' 'presentdestroyed']
 ['9' '245.1291353905945' 'destroyed']
 ['0' '246.56021929199915' 'presentdestroyed']
 ['1' '250.38421123809263' 'present']
 ['0' '252.7031200869437' 'present']
 ['5' '259.26491923512486' 'present']
 ['0' '270.0173714207502' 'present']
 ['0' '271.48103183830875' 'present']
 ['5' '296.6182714933366' 'present']
 ['0' '308.28551528226285' 'present']
 ['5' '317.09438611902476' 'marauded']
 ['1' '319.13910242696807' 'destroyed']
 ['1' '333.2442992329379' 'marauded']
 ['5' '333.62996269587734' 'presentdestroyed']
 ['9' '333.6698152757243' 'presentdestroyed']
 ['9' '334.86656995369094' 'presentdestroyed']
 ['1' '337.6095505378458' 'presentdestroyed']
 ['0' '338.95921210014785' 'destroyed']
 ['5' '340.1293641241836' 'presentdestroyed']]","[['F52' '92.21339906896598' 'mated']
 ['F78' '120.01663890124638' 'absent']
 ['F55' '132.99756762265403' 'absent']
 ['F41' '149.41783803365746' 'mated']
 ['F27' '167.31005728569872' 'mated']
 ['F46' '180.18553942749548' 'destroyed']
 ['F19' '183.53702117082764' 'destroyed']
 ['F28' '199.5615074133926' 'mated']
 ['F38' '210.2888143082653' 'destroyed']
 ['F65' '230.6884233238822' 'absent']
 ['F88' '233.1035455059581' 'mated']
 ['F34' '235.17841685030962' 'mated']
 ['F70' '259.97697645214527' 'mated']
 ['F69' '264.14470384572695' 'mated']
 ['F103' '278.63059831934874' 'absent']
 ['F92' '282.0197609043626' 'mated']
 ['F30' '323.2695520049976' 'destroyed']
 ['F81' '350.4780344340557' 'mated']]",0.0,1000.0,563.0,73.12330743879427,16.009217278391745,1456.0,246.64722239418288,53.033483403030345,217.0,36.40546418230625,7.66270596699995,14.0,1.4000000000000001,0.14000000000000007,100.0,2.5446291684656352,0.06751543209876534
3,0.054,7,360.6208492639877,"[['5' '120.57314905536514' 'present']
 ['5' '136.17961271834744' 'present']
 ['5' '138.66217655000952' 'present']
 ['5' '148.36477697871035' 'present']
 ['10' '150.76695509836895' 'present']
 ['10' '213.62645672906604' 'present']
 ['5' '270.54574193916403' 'present']
 ['2' '274.4316671256592' 'present']
 ['2' '278.60492384123637' 'present']
 ['5' '358.76945919501446' 'present']]","[['F101' '49.34343485892833' 'mated']
 ['F12' '50.14123540121696' 'mated']
 ['F10' '99.71273410362018' 'mated']
 ['F7' '115.6448172953937' 'mated']
 ['F39' '147.43022557605155' 'mated']
 ['F71' '148.11252608674323' 'absent']
 ['F54' '217.9804058457049' 'mated']
 ['F17' '358.4866691579822' 'mated']]",500.0,0.0,575.0,70.8433101845563,15.199586314225861,1688.0,284.8660648408604,60.42984091382845,0.0,0.0,0.0,15.0,1.5000000000000002,0.15000000000000008,106.0,2.974072936500597,0.09216392318244171
4,0.054,2,360.17708205140156,"[['0' '10.159077936147938' 'present']
 ['9' '71.59353336942912' 'present']
 ['1' '100.05591018897452' 'present']
 ['1' '110.63694350333203' 'marauded']
 ['0' '129.12672136315075' 'present']
 ['0' '169.4731176350981' 'marauded']
 ['5' '202.1139444768482' 'present']
 ['1' '230.10767874457366' 'present']
 ['1' '243.06086174521673' 'present']
 ['5' '244.24221217840045' 'present']
 ['0' '247.9069551775459' 'present']
 ['1' '297.0011718981102' 'marauded']
 ['1' '332.6475869544561' 'present']
 ['0' '335.01552428814614' 'marauded']
 ['0' '340.6691384325031' 'destroyed']
 ['0' '341.17193960826586' 'presentdestroyed']]","[['F37' '86.41156994092522' 'absent']
 ['F19' '195.56496345742917' 'mated']
 ['F102' '211.09097431104976' 'absent']
 ['F43' '349.8073214686433' 'mated']]",500.0,500.0,550.0,68.6595252873133,13.80675500499033,1566.0,262.64214686147244,56.25756993388001,155.0,24.50234998800635,4.960660739229919,12.0,1.2,0.12000000000000005,80.0,3.0368421547661937,0.11949159807956096
5,0.054,11,360.1977229135234,"[['3' '6.784068306660326' 'marauded']
 ['2' '8.474924042183199' 'presentdestroyed']
 ['2' '14.191781323951536' 'present']
 ['3' '16.814059484572187' 'present']
 ['3' '18.042554528675637' 'present']
 ['4' '22.18306193259862' 'present']
 ['4' '27.504985777786853' 'marauded']
 ['2' '27.701483901045748' 'presentdestroyed']
 ['2' '34.97703871476483' 'presentdestroyed']
 ['3' '36.15170639836699' 'present']
 ['10' '36.63902645373162' 'marauded']
 ['3' '47.08990906749641' 'present']
 ['3' '47.36750955757383' 'marauded']
 ['10' '50.34108766971374' 'presentdestroyed']
 ['2' '50.986020772121144' 'presentdestroyed']
 ['2' '58.300733270260494' 'present']
 ['3' '65.8993052730632' 'present']
 ['2' '70.57246416423601' 'present']
 ['2' '71.30066168622996' 'present']
 ['3' '83.89329376014071' 'marauded']
 ['2' '88.14032767105154' 'destroyed']
 ['10' '90.40662271171887' 'presentdestroyed']
 ['2' '97.82856192637759' 'present']
 ['2' '111.3877848301568' 'marauded']
 ['2' '116.33177619532563' 'destroyed']
 ['2' '134.77514318682074' 'present']
 ['2' '136.47256195449603' 'present']
 ['3' '140.21586929234445' 'present']
 ['4' '146.43171243297374' 'present']
 ['2' '148.4176378350954' 'present']
 ['3' '148.9583061707632' 'present']
 ['3' '150.22602872859326' 'present']
 ['3' '151.18256256167516' 'present']
 ['4' '168.73598813653598' 'marauded']
 ['3' '170.96737033647665' 'presentdestroyed']
 ['3' '185.29077210935714' 'present']
 ['2' '187.81778570300207' 'present']
 ['2' '193.98953975038285' 'present']
 ['1' '201.0862528657391' 'present']
 ['2' '204.83647723887427' 'marauded']
 ['3' '213.8894297694415' 'marauded']
 ['4' '216.9883623992395' 'presentdestroyed']
 ['3' '237.06225946629124' 'present']
 ['3' '246.4355403161496' 'present']
 ['3' '249.02354664263345' 'present']
 ['3' '258.21542935924253' 'present']
 ['3' '259.7386389440463' 'marauded']
 ['3' '266.1465530518903' 'presentdestroyed']
 ['3' '271.71342529599923' 'marauded']
 ['3' '272.8820212173409' 'presentdestroyed']
 ['3' '278.53677826822457' 'present']
 ['3' '284.0158230554956' 'present']
 ['3' '294.4847190488888' 'present']
 ['3' '298.2200859104' 'present']
 ['2' '299.95732803063277' 'present']
 ['3' '303.3935591962977' 'marauded']
 ['0' '306.64128164697695' 'presentdestroyed']
 ['3' '310.12991772184273' 'presentdestroyed']
 ['2' '311.1286263411599' 'present']
 ['3' '318.89278252279644' 'marauded']
 ['3' '324.15658208882934' 'destroyed']
 ['10' '327.5564622210563' 'present']
 ['3' '331.7985851232517' 'present']
 ['3' '334.7326326286656' 'present']
 ['3' '338.3382181523765' 'present']
 ['3' '341.2618791301491' 'present']
 ['2' '344.0750646966355' 'present']
 ['4' '348.61212225515277' 'present']
 ['3' '349.799527583849' 'present']]","[['F18' '3.0033112363773546' 'mated']
 ['F15' '66.44647175837378' 'mated']
 ['F35' '136.2341976536364' 'mated']
 ['F57' '141.14400980799053' 'mated']
 ['F39' '147.41865150197748' 'absent']
 ['F71' '148.1241001608173' 'mated']
 ['F90' '155.8163023630287' 'mated']
 ['F100' '161.79974975545298' 'mated']
 ['F1' '206.22019099515887' 'destroyed']
 ['F102' '211.0678261629016' 'destroyed']
 ['F72' '213.42475864335046' 'absent']
 ['F60' '236.58912885013504' 'mated']
 ['F69' '264.1331297716529' 'destroyed']
 ['F33' '266.0330369677716' 'destroyed']
 ['F53' '273.1260571217784' 'destroyed']
 ['F103' '278.6537464674969' 'mated']
 ['F0' '285.8098290090599' 'mated']
 ['F32' '314.06477175265974' 'mated']]",500.0,1000.0,553.0,74.47866777977437,16.696154474988422,1199.0,204.22583304110975,43.90740114182858,483.0,79.57880343496261,17.019766720609464,6.0,0.6,0.06000000000000001,47.0,1.2571096247538252,0.03643689986282578
6,0.0,9,359.9139366556848,"[['3' '0.48368137981833353' 'present']
 ['9' '10.454086840264301' 'present']
 ['3' '21.611507408679458' 'present']
 ['1' '46.7145653667608' 'present']
 ['10' '57.77510301920661' 'present']
 ['9' '64.70728681390574' 'marauded']
 ['2' '66.31424449543046' 'presentdestroyed']
 ['9' '74.27027883683105' 'present']
 ['9' '83.5852755790181' 'present']
 ['9' '85.60972298224789' 'present']
 ['1' '97.16297285194851' 'present']
 ['2' '99.13076634665327' 'present']
 ['3' '123.95009106126832' 'marauded']
 ['2' '129.00575502584007' 'destroyed']
 ['1' '136.33659090189002' 'present']
 ['2' '140.11337575903647' 'present']
 ['1' '146.48521235921922' 'present']
 ['10' '146.5593032161366' 'present']
 ['4' '158.49123489823813' 'present']
 ['3' '162.87557076203882' 'present']
 ['4' '165.60651748337978' 'present']
 ['9' '201.46952782484814' 'present']
 ['9' '222.1904260428522' 'marauded']
 ['1' '224.52625423158247' 'presentdestroyed']
 ['1' '231.8720757725308' 'present']
 ['9' '234.71432180281968' 'present']
 ['9' '234.8680134820461' 'present']
 ['5' '238.86017219399145' 'marauded']
 ['10' '247.73446771024265' 'present']
 ['5' '248.743353268464' 'marauded']
 ['4' '251.68119038226013' 'presentdestroyed']
 ['1' '259.6473761366575' 'present']
 ['5' '271.11415329208546' 'present']
 ['1' '287.74377043662946' 'marauded']
 ['9' '301.0829318493625' 'present']
 ['2' '310.1604796670908' 'present']
 ['1' '329.6451948073198' 'present']
 ['1' '336.15434275453663' 'present']
 ['1' '337.80680498218135' 'present']
 ['1' '342.12447178178314' 'present']
 ['5' '345.48863778990216' 'present']
 ['2' '352.59354671595054' 'present']
 ['2' '355.8237029149834' 'present']
 ['5' '359.43392467044083' 'present']
 ['9' '359.7971094853711' 'present']]","[['F67' '39.89079763491592' 'mated']
 ['F13' '80.40096556771577' 'mated']
 ['F94' '104.67747469733297' 'mated']
 ['F107' '112.15738649500516' 'mated']
 ['F93' '116.9876794839367' 'mated']
 ['F42' '154.64138003479277' 'mated']
 ['F96' '161.8146481320059' 'absent']
 ['F77' '213.77410820821575' 'mated']
 ['F106' '223.17925079517502' 'destroyed']
 ['F53' '273.14242533430587' 'mated']
 ['F3' '331.88801058556896' 'mated']]",1000.0,0.0,558.0,68.94492108115749,14.15446937149385,1511.0,254.6216484083,54.74741912898934,215.0,36.654070366429316,7.88873890312218,0.0,0.0,0.0,0.0,0.0,0.0
7,0.0,8,360.4086293553828,"[['3' '1.5373083480934862' 'present']
 ['5' '3.9919481811447914' 'marauded']
 ['3' '4.721187422221617' 'presentdestroyed']
 ['9' '7.748913498430742' 'presentdestroyed']
 ['3' '16.790911336424042' 'present']
 ['3' '27.468183878003252' 'present']
 ['3' '33.065361250204134' 'present']
 ['3' '39.0135013699828' 'present']
 ['3' '40.27830767229612' 'present']
 ['3' '43.3542780823015' 'present']
 ['1' '46.29943654931691' 'present']
 ['1' '47.041423506085124' 'present']
 ['3' '52.645929353455216' 'present']
 ['1' '62.17038678803562' 'present']
 ['4' '82.34171429614187' 'present']
 ['3' '86.19852233777951' 'present']
 ['5' '99.79062796467112' 'present']
 ['9' '104.31417425062666' 'marauded']
 ['3' '108.95525523613718' 'presentdestroyed']
 ['3' '119.3474186037066' 'present']
 ['1' '122.69152044141737' 'present']
 ['1' '124.05736794804503' 'present']
 ['5' '127.32467225758805' 'present']
 ['3' '131.84870678896516' 'present']
 ['5' '134.32543989650642' 'present']
 ['5' '136.8042957363778' 'present']
 ['3' '142.3150980174283' 'present']
 ['5' '144.9209848612445' 'present']
 ['5' '146.91724943798692' 'present']
 ['10' '148.1818825973614' 'present']
 ['5' '152.08624023174931' 'present']
 ['3' '152.59612532755125' 'present']
 ['5' '156.23154559950154' 'present']
 ['3' '162.05457010585562' 'present']
 ['3' '170.78298892150332' 'present']
 ['3' '174.59614977147498' 'present']
 ['3' '178.57129048221574' 'present']
 ['3' '190.13058120513742' 'present']
 ['3' '190.15372935328557' 'present']
 ['3' '196.34847975442193' 'present']
 ['5' '198.1349656036591' 'present']
 ['3' '201.11627119960056' 'marauded']
 ['9' '207.08596813545145' 'destroyed']
 ['3' '213.0203713435573' 'present']
 ['4' '213.0409144620916' 'present']
 ['3' '218.22297245185212' 'present']
 ['3' '228.9635449150716' 'marauded']
 ['1' '231.47865113034402' 'presentdestroyed']
 ['3' '239.1041090279485' 'present']
 ['3' '247.01211523386203' 'marauded']
 ['3' '247.57531796307202' 'presentdestroyed']
 ['4' '258.206217938542' 'present']
 ['10' '264.97725517149433' 'present']
 ['3' '268.9576941293984' 'present']
 ['1' '273.9883926236534' 'present']
 ['3' '276.65533658823074' 'present']
 ['5' '278.555126691136' 'present']
 ['10' '283.70037709767485' 'marauded']
 ['3' '283.99267490734746' 'presentdestroyed']
 ['4' '285.4438713552193' 'presentdestroyed']
 ['3' '286.67866987557926' 'presentdestroyed']
 ['1' '287.0530747410638' 'presentdestroyed']
 ['3' '291.79623396543496' 'present']
 ['3' '315.17429251928166' 'present']
 ['3' '319.8966632589933' 'present']
 ['1' '326.91980284882766' 'present']
 ['3' '329.298480256162' 'present']
 ['0' '335.9176752758589' 'marauded']
 ['1' '341.51776665713385' 'presentdestroyed']
 ['1' '342.7017202359478' 'presentdestroyed']]","[['F105' '44.824858497303765' 'mated']
 ['F64' '56.51825514585312' 'mated']
 ['F6' '85.35828197000758' 'mated']
 ['F20' '101.91143709166357' 'absent']
 ['F94' '104.6611064848055' 'destroyed']
 ['F25' '109.80534892253868' 'destroyed']
 ['F73' '112.03605686586316' '']
 ['F9' '128.28392153517458' 'mated']
 ['F22' '168.36983086057143' 'mated']
 ['F72' '213.43633271742453' 'mated']
 ['F62' '259.2808174143917' 'mated']
 ['F33' '266.04461104184566' 'mated']]",1000.0,500.0,560.0,70.19983416469266,14.236602637083976,1442.0,247.4377712589283,53.5482215130264,262.0,42.569867053603396,8.845626835960013,0.0,0.0,0.0,0.0,0.0,0.0
8,0.0,10,360.3411318434582,"[['9' '4.895415113604767' 'present']
 ['2' '8.736989521474436' 'present']
 ['9' '15.056990387892332' 'present']
 ['10' '19.03328803897118' 'marauded']
 ['9' '24.615004454042563' 'destroyed']
 ['2' '29.35641783685828' 'present']
 ['5' '58.38456158431239' 'marauded']
 ['9' '63.34973088721617' 'presentdestroyed']
 ['2' '74.30465165747657' 'present']
 ['2' '76.31068065407257' 'present']
 ['9' '95.56246766582848' 'present']
 ['2' '100.3460204840832' 'marauded']
 ['1' '110.59742714265641' 'present']
 ['9' '111.37015633833146' 'present']
 ['9' '124.76036464932433' 'marauded']
 ['2' '131.3998497522141' 'presentdestroyed']
 ['9' '131.8967146341103' 'destroyed']
 ['2' '136.31810276894905' 'marauded']
 ['5' '142.47422903403026' 'presentdestroyed']
 ['9' '142.9375898614793' 'present']
 ['5' '161.11753438481801' 'present']
 ['9' '181.39865642734574' 'marauded']
 ['2' '194.77075842790913' 'present']
 ['2' '197.51832821021938' 'present']
 ['9' '199.00088147635253' 'present']
 ['9' '212.26185660622266' 'present']
 ['5' '212.68728247023648' 'present']
 ['9' '213.45471983004853' 'present']
 ['5' '225.80719840193146' 'present']
 ['2' '233.48004300550429' 'present']
 ['5' '236.4767064739589' 'present']
 ['9' '239.44728589187696' 'present']
 ['9' '247.4977152310303' 'marauded']
 ['2' '249.41705962132352' 'presentdestroyed']
 ['10' '249.74799388707552' 'presentdestroyed']
 ['2' '257.8127340844826' 'present']
 ['2' '263.1708885897687' 'marauded']
 ['9' '264.29012051587125' 'destroyed']
 ['9' '276.40912323799813' 'present']
 ['2' '277.4022412100966' 'present']
 ['9' '279.9432849212159' 'present']
 ['9' '285.59982343210993' 'marauded']
 ['2' '305.7951901186911' 'present']
 ['10' '313.8357618153611' 'present']
 ['10' '322.222312265375' 'marauded']
 ['5' '328.1429699131747' 'presentdestroyed']
 ['9' '337.08675033617146' 'present']
 ['2' '348.40678898012226' 'present']
 ['9' '357.89728438502397' 'present']
 ['9' '359.36335040253533' 'present']]","[['F44' '68.18265596232355' 'mated']
 ['F20' '101.8950688791361' 'destroyed']
 ['F94' '104.64473827227803' 'destroyed']
 ['F73' '112.05242507839063' 'mated']
 ['F55' '133.0091416967281' 'mated']
 ['F14' '156.07025259609242' 'mated']
 ['F96' '161.85416449268152' 'mated']
 ['F61' '186.96521725347313' 'destroyed']
 ['F28' '199.54993333931853' 'absent']
 ['F1' '206.23176506923295' 'mated']
 ['F38' '210.30038838233938' 'mated']
 ['F51' '210.99773580363143' 'mated']
 ['F45' '224.43785604964455' 'mated']
 ['F65' '230.69999739795628' 'mated']
 ['F69' '264.1215556975788' 'destroyed']
 ['F103' '278.6421723934228' 'absent']]",1000.0,1000.0,575.0,71.7542702121145,15.26672182977085,1352.0,226.87189904615371,48.41461429598001,369.0,61.455550447537874,12.518776712233667,0.0,0.0,0.0,0.0,0.0,0.0
9,0.054,14,360.47858260544496,"[['2' '8.183621351694853' 'present']
 ['10' '18.01733940281913' 'present']
 ['10' '21.251706111752657' 'present']
 ['2' '23.467364757208696' 'present']
 ['4' '36.2074332894301' 'present']
 ['10' '48.03064337664749' 'present']
 ['2' '54.89705383720412' 'present']
 ['0' '59.50686943330412' 'present']
 ['4' '66.4599165124369' 'present']
 ['0' '67.42857800678829' 'present']
 ['0' '97.23821359495844' 'present']
 ['0' '101.54110944513677' 'present']
 ['0' '103.20732791946158' 'present']
 ['10' '113.72679646125883' 'present']
 ['4' '124.62074370072031' 'present']
 ['0' '129.52049353341292' 'present']
 ['0' '129.81886066182557' 'present']
 ['0' '140.0844860570953' 'present']
 ['0' '144.46465707622417' 'present']
 ['0' '147.8067815952199' 'marauded']
 ['0' '157.93062783645078' 'present']
 ['0' '159.0624664722654' 'marauded']
 ['0' '161.96065524119666' 'presentdestroyed']
 ['0' '167.47501038538277' 'present']
 ['0' '170.54041851183362' 'marauded']
 ['0' '170.98945552601268' 'presentdestroyed']
 ['1' '181.85167872762472' 'marauded']
 ['4' '183.5128885369703' 'presentdestroyed']
 ['0' '205.94424546806658' 'present']
 ['10' '209.14845941723738' 'present']
 ['0' '213.0073105346568' 'present']
 ['0' '214.26973861646363' 'present']
 ['0' '215.80053584284536' 'present']
 ['0' '226.69736210905037' 'present']
 ['4' '251.30049260437968' 'present']
 ['2' '254.82509271125582' 'present']
 ['0' '259.1988593894976' 'present']
 ['4' '270.7914077569468' 'present']
 ['4' '279.1714691656158' 'present']
 ['0' '300.8427573762931' 'present']
 ['0' '300.86590552444125' 'present']
 ['2' '340.72947886376147' 'marauded']
 ['0' '349.8308304365715' 'marauded']
 ['10' '357.5842548742718' 'present']
 ['0' '358.4932223326658' 'present']]","[['F86' '66.79530313587297' 'mated']
 ['F91' '71.00770752187962' 'mated']
 ['F63' '73.82047877848242' 'mated']
 ['F80' '84.17642768821312' 'mated']
 ['F6' '85.34191375748011' 'absent']
 ['F37' '86.38842179277707' 'absent']
 ['F20' '101.92780530419104' 'mated']
 ['F66' '150.37783226853787' 'absentdestroyed']
 ['F19' '183.5138730226795' 'destroyed']
 ['F61' '186.9767913275472' 'destroyed']
 ['F68' '192.74525117746595' 'mated']
 ['F23' '207.86950093603383' 'mated']
 ['F87' '213.42639044927353' 'mated']
 ['F106' '223.1908248692491' 'mated']
 ['F45' '224.42628197557048' 'absent']
 ['F49' '226.56137747253297' 'absent']
 ['F89' '227.70502691073403' 'mated']
 ['F85' '243.53793116930547' 'mated']
 ['F24' '278.1344651120421' 'mated']
 ['F74' '281.7384702502895' 'mated']
 ['F30' '323.29270015314574' 'mated']]",1500.0,0.0,570.0,72.96529509740914,17.484215369617388,1446.0,247.27259976279018,53.289884600261054,212.0,36.57939417984777,7.826614398589297,13.0,1.3,0.13000000000000006,78.0,1.9917044111190414,0.052512002743484165
10,0.054,3,359.97173801308304,"[['1' '59.76350203878311' 'present']
 ['1' '64.57387421733831' 'marauded']
 ['3' '69.8265664074109' 'presentdestroyed']
 ['1' '100.95894796583688' 'present']
 ['1' '111.61449169065216' 'present']
 ['1' '112.15901822762017' 'present']
 ['1' '112.52549555681479' 'present']
 ['1' '112.54864370496294' 'present']
 ['3' '114.22827711832815' 'present']
 ['1' '143.4540933011488' 'present']
 ['5' '152.12096245397154' 'marauded']
 ['0' '173.5386295745523' 'marauded']
 ['3' '179.15022448006025' 'presentdestroyed']
 ['5' '198.16968782588134' 'present']
 ['1' '201.78662603859004' 'present']
 ['0' '224.7345645225799' 'present']
 ['1' '226.365804666759' 'present']
 ['3' '234.63391569640487' 'present']
 ['0' '261.29946964920236' 'present']
 ['1' '263.71068623260027' 'present']
 ['1' '281.8615196260641' 'present']
 ['1' '291.51606368686134' 'present']
 ['1' '326.8918605622261' 'present']
 ['1' '328.6480483683427' 'present']
 ['1' '329.61725252071824' 'present']
 ['1' '330.31240220738493' 'present']]","[['F79' '52.625557719696786' 'mated']
 ['F56' '140.40200297816116' 'mated']
 ['F36' '162.65904385044257' 'absent']
 ['F84' '169.02224020051935' 'absent']
 ['F95' '236.09954694822417' 'mated']]",1500.0,500.0,557.0,70.49489923908779,14.521988144416268,1557.0,267.0339535212534,57.58334941588886,111.0,18.564480275946224,3.908006961474491,15.0,1.5000000000000002,0.15000000000000008,85.0,2.6594570328703346,0.09484310699588482
11,0.0,16,360.05182549783797,"[['2' '0.23624158962397573' 'present']
 ['10' '1.2109058733345384' 'present']
 ['10' '2.7380522910193816' 'present']
 ['3' '6.656126020058785' 'marauded']
 ['10' '8.1685474079173' 'presentdestroyed']
 ['2' '13.70643360114709' 'presentdestroyed']
 ['9' '14.069952396334774' 'presentdestroyed']
 ['2' '14.455037795047666' 'present']
 ['10' '18.824125972041518' 'present']
 ['10' '19.77040312397645' 'present']
 ['5' '24.527616926674206' 'present']
 ['10' '25.335169917932213' 'present']
 ['10' '25.358318066080358' 'present']
 ['3' '25.540501740906734' 'present']
 ['3' '26.085583034038436' 'present']
 ['9' '26.395395183439536' 'marauded']
 ['2' '33.66209494883399' 'present']
 ['2' '40.99961571118091' 'marauded']
 ['9' '41.46711573545408' 'presentdestroyed']
 ['3' '42.51344619474099' 'presentdestroyed']
 ['1' '43.74821992033418' 'presentdestroyed']
 ['9' '52.051527794627155' 'present']
 ['2' '53.041859737779596' 'present']
 ['4' '56.519057191682265' 'marauded']
 ['10' '59.273271857364605' 'presentdestroyed']
 ['5' '59.971797784583146' 'presentdestroyed']
 ['1' '60.67865948861751' 'destroyed']
 ['2' '64.00157395071362' 'marauded']
 ['2' '64.79382670614454' 'presentdestroyed']
 ['2' '66.28630220882891' 'presentdestroyed']
 ['3' '66.38677914444709' 'presentdestroyed']
 ['1' '72.761739992293' 'present']
 ['2' '73.9962546448241' 'present']
 ['9' '80.09468349147694' 'present']
 ['3' '81.69010347568965' 'present']
 ['3' '84.88721074483311' 'present']
 ['4' '86.87720072618194' 'present']
 ['10' '87.60155588617737' 'present']
 ['2' '89.45720735119885' 'present']
 ['9' '89.61550047684351' 'present']
 ['1' '93.70439776666635' 'present']
 ['10' '94.57826607717408' 'present']
 ['1' '95.79328899217998' 'marauded']
 ['10' '99.477283497323' 'presentdestroyed']
 ['10' '100.4330055470237' 'presentdestroyed']
 ['4' '110.29400125215219' 'present']
 ['9' '111.58586860505342' 'marauded']
 ['1' '112.18216637576832' 'presentdestroyed']
 ['1' '121.92699579656038' 'present']
 ['10' '126.33901040495604' 'present']
 ['4' '129.85292617883147' 'present']
 ['10' '130.04897681372304' 'present']
 ['0' '133.23864914651296' 'present']
 ['2' '134.7982913349689' 'present']
 ['3' '137.10404440985238' 'present']
 ['0' '137.9785231220737' 'marauded']
 ['1' '141.3130960721431' 'presentdestroyed']
 ['4' '146.69536820971717' 'marauded']
 ['2' '150.26661655256447' 'destroyed']
 ['0' '152.18571225312934' 'presentdestroyed']
 ['2' '152.5861320113738' 'presentdestroyed']
 ['3' '155.05136667776355' 'present']
 ['10' '161.5213399381583' 'present']
 ['5' '162.27064699296415' 'present']
 ['2' '162.32349308480428' 'present']
 ['10' '170.7576746850715' 'present']
 ['2' '176.66212187406933' 'marauded']
 ['5' '178.89911967489968' 'presentdestroyed']
 ['9' '180.44845678444563' 'presentdestroyed']
 ['10' '182.912815830541' 'presentdestroyed']
 ['3' '186.0216420028802' 'present']
 ['1' '187.94463175512806' 'present']
 ['10' '188.17906639594497' 'present']
 ['3' '197.8119839907362' 'present']
 ['0' '205.60319626141157' 'present']
 ['1' '207.30854742519617' 'present']
 ['1' '207.48887717454411' 'present']
 ['3' '211.8478560314751' 'present']
 ['0' '214.51610438142035' 'marauded']
 ['0' '214.99753772528686' 'presentdestroyed']
 ['1' '224.49831194498094' 'present']
 ['3' '225.6280553483392' 'present']
 ['3' '231.6906812939901' 'marauded']
 ['2' '231.81951303186082' 'presentdestroyed']
 ['3' '233.47182687740815' 'presentdestroyed']
 ['2' '236.05982766822248' 'destroyed']
 ['2' '240.37449215082097' 'present']
 ['10' '244.3165884627699' 'present']
 ['4' '247.2752094726164' 'present']
 ['2' '248.5889448694666' 'present']
 ['2' '249.85670147968844' 'present']
 ['0' '255.45446869443197' 'present']
 ['9' '258.2213268556778' 'present']
 ['2' '258.4474635582266' 'present']
 ['2' '258.47061170637477' 'present']
 ['3' '258.5507006956504' 'present']
 ['9' '259.75876387711213' 'present']
 ['3' '264.971587190266' 'present']
 ['1' '269.53482897382435' 'present']
 ['3' '270.03216986704547' 'marauded']
 ['2' '270.4525723030532' 'presentdestroyed']
 ['0' '273.36265404582275' 'destroyed']
 ['9' '275.2475998580789' 'presentdestroyed']
 ['10' '276.83428379729753' 'destroyed']
 ['9' '277.0518277861184' 'presentdestroyed']
 ['2' '278.6423783317167' 'present']
 ['3' '282.10754780886947' 'present']
 ['4' '283.97173479579607' 'present']
 ['4' '286.5258799057' 'present']
 ['10' '286.92037512726677' 'present']
 ['9' '287.6807472391248' 'present']
 ['1' '292.21348850535327' 'present']
 ['10' '294.683696916135' 'present']
 ['0' '295.8703915573411' 'present']
 ['2' '296.0168727221685' 'present']
 ['1' '296.69894034354047' 'present']
 ['10' '296.8216849489062' 'marauded']
 ['3' '297.29366419428123' 'presentdestroyed']
 ['0' '297.3368978182101' 'presentdestroyed']
 ['2' '297.7103325995014' 'presentdestroyed']
 ['1' '298.98588976869763' 'presentdestroyed']
 ['10' '301.053448229265' 'presentdestroyed']
 ['10' '313.28811899855697' 'marauded']
 ['3' '323.5526554320387' 'present']
 ['2' '330.60982837259183' 'present']
 ['3' '336.85778549113235' 'present']
 ['10' '337.6801584245553' 'present']
 ['1' '338.7808277122169' 'present']
 ['0' '342.2284088939471' 'present']
 ['10' '345.1908682581605' 'marauded']
 ['3' '352.33586075747974' 'presentdestroyed']]","[['F37' '86.43951222752676' 'mated']
 ['F83' '88.10808335275232' 'mated']
 ['F50' '111.224130525735' 'mated']
 ['F93' '116.95973719733516' 'destroyed']
 ['F78' '120.02821297532046' 'mated']
 ['F48' '126.08955889869924' 'mated']
 ['F98' '132.18977264032577' 'mated']
 ['F56' '140.378854830013' 'destroyed']
 ['F36' '162.67061792451665' 'mated']
 ['F84' '169.03381427459342' 'mated']
 ['F8' '169.36879981346146' 'mated']
 ['F26' '186.2827774141631' 'mated']
 ['F58' '196.69454544547568' 'mated']
 ['F99' '213.40366022150693' 'mated']
 ['F49' '226.57295154660704' 'mated']
 ['F95' '236.0879728741501' 'absentdestroyed']
 ['F75' '261.99121445183283' 'mated']
 ['F16' '282.3377201402745' 'mated']
 ['F104' '327.4549025778609' 'mated']
 ['F81' '350.4664603599816' 'destroyed']
 ['F17' '358.4703009454547' 'absent']]",1500.0,1000.0,555.0,68.1481946555165,14.010592975133717,1137.0,193.84244498870876,41.25294292947872,556.0,98.08770574647757,21.941253046638373,0.0,0.0,0.0,0.0,0.0,0.0
